doi,status,file_path,message
10.1016/j.nucengdes.2011.06.049,Success,papers\10.1016_j.nucengdes.2011.06.049.pdf,
10.1108/GKMC-10-2024-0730,Timeout,,Load timeout
10.3390/children12091127,Not Found,,
10.1136/bjo-2024-326111,Not Found,,
10.3389/fmed.2025.1599900,Not Found,,
10.2196/55856,Timeout,,Load timeout
10.1080/14786451.2022.2045989,Success,papers\10.1080_14786451.2022.2045989.pdf,
10.1080/0144929X.2021.1884288,Success,papers\10.1080_0144929X.2021.1884288.pdf,
10.3906/elk-2012-98,Not Found,,
10.1109/ITSC48978.2021.9564838,Success,papers\10.1109_ITSC48978.2021.9564838.pdf,
10.2196/73642,Not Found,,
10.1002/cctc.202301475,Not Found,,
10.1227/neu.0000000000003297,Timeout,,
10.1021/acs.nanolett.5c00435,Not Found,,
